gene_id,window_length,structure,mfe_kcal_mol
Cld_Azos,30,..............................,0.00
Cld_Dech,30,.(((((....)))))...............,-4.00
Cld_Ideo,30,.(((((((.....)).))))).........,-2.40
ClrA_Ideo,30,.........(((...........)))....,-0.20
ClrB_Ideo,30,.((((.....))))................,-2.80
PcrA_Azos,30,...............(((((....))))).,-1.50
PcrA_Dech,30,...............(((((....))))).,-1.50
PcrB_Azos,30,(((((....)))))................,-1.20
PcrB_Dech,30,(((((....)))))................,-1.20
